Title,KruseID,Category,Workstream,ParentProjectName,Topic,Status,Description,ValueStatement,Audience,ProductOverview,ServiceTypes,ProjectManager,SOCOSponsor,DeployedTo,StakeholderDept,StakeholderRep,OriginatingOpCo,StartDate,EndDate,CompletionPct,TeamSize,MainLink,ParentLink,ChildLink,ParentProjectId,ChildProjectIds,RemovalReason
AMI & MDM diagram and data flow,AMI-XXX4,AMI,AMI,AMI & MDM diagram and data flow,AMI,Request Received,"help improving slides to communicate systems and data flows, starting with a meter to cash look and adding outage data and other systems.",,,,,,,GPC,AMI,Wesley Granade,GPC,,,,,,,,,,
AMI Asset Utilization Dashboard,AMI-0003,AMI,AMI,AMI Asset Utilization Dashboard,Asset Management,In Development,"Reporting suite of dashboards to show utilization of assets (meters, transformers, feeders that are rolled up to a substation etc) Allows us to identify idle assets, assets overloaded and underulitized.",,,,,,,APC; GPC,"PD Engineering, GSS, DCC",Joyce Solomon,APC,2024-01-10,,,,,https://app.powerbi.com/groups/ca81d8e0-c93e-437d-9cdd-cee8c1ddfb3e/list?ctid=c0a02e2d-1186-410a-8895-0a4a252ebf17&experience=power-bi,,,,
AMI Meter Linking,AMI-0002,AMI,AMI,AMI Customer Grid Linkage (T-M Linking),AMI,Done - Deployed without Maintenance,"Outsystems app for front-end user to provide feedback when correcting linkage in GIS, model database, and PBi for prediction insights",,,,,,,APC; GPC,GSS,Joyce Solomon,APC,,2025-03-31,,,https://outsystems.southernco.com/CGL/,https://ua-outsystems.southernco.com/CGL/,https://outsystems.southernco.com/CGL/,,,
AMI Meter Linking,AMI-0002-1,AMI,AMI,AMI Customer Grid Linkage (T-M Linking),AMI,Done - Deployed without Maintenance,"Outsystems app for front-end user to provide feedback when correcting linkage in GIS, model database, and PBi for prediction insights",,,,,,,APC; GPC,GSS,Joyce Solomon,APC,,2025-03-31,,,https://outsystems.southernco.com/CGL/,https://ua-outsystems.southernco.com/CGL/,https://app.powerbi.com/groups/30b4c00e-20f4-430f-8b8f-0c65c259cca8/reports/a6e31b4b-130e-4539-95ea-4ec44f8bb04e/fb5fe379c618958928f0?ctid=c0a02e2d-1186-410a-8895-0a4a252ebf17&experience=power-bi,,,
AMI Daily Sales Dashboard,AMI-XXX8,AMI,AMI,AMI Daily Sales Dashboard,AMI,Request Received,Visualization of daily sales of kWh per customer class to drop to revenue accounting team,,,,,,,APC,AMI,Myrna Merced,APC,,,,,,,,,,
AMI Lost Meters,AMI-0011,AMI,AMI,AMI Lost Meters,AMI,In Development,Clean up of AMI created dashboard,Developed a frontend tool on top of an AMI Analytics model which predicts the approximate locations of lost meters.,AMI operations teams at APC.,"The tool helps users identify lost meters, prioritize them by their recent usage, and visualize the predicted location of the lost meter and similar meters around it. Provides necessary context for troubleshooting and identification.",ML & Data Science; ETL & Data Visualization; Application Development,,Joyce Solomon,APC,AMI,Joyce Solomon,APC,,,70,1,,,,,,
AMI Phase Correction,AMI-0004,AMI,AMI,AMI Phase Correction,AMI,In Development,PowerBI(for insight display) and OutSystem app development (front end user feedback tool)for AMI Phase Correction project,,,,,,,GPC,GSS,Joyce Solomon,APC,2024-01-09,2025-07-18,,,https://app.powerbi.com/groups/30b4c00e-20f4-430f-8b8f-0c65c259cca8/reports/a6e31b4b-130e-4539-95ea-4ec44f8bb04e/fb5fe379c618958928f0?ctid=c0a02e2d-1186-410a-8895-0a4a252ebf17&experience=power-bi,https://outsystems-servicestudio.southernco.com/CGL/,https://app.powerbi.com/groups/30b4c00e-20f4-430f-8b8f-0c65c259cca8/reports/a6e31b4b-130e-4539-95ea-4ec44f8bb04e/fb5fe379c618958928f0?ctid=c0a02e2d-1186-410a-8895-0a4a252ebf17&experience=power-bi,,,
AMI Product Video Development,AMI-XXX1,AMI,AMI,AMI Product Video Development,AMI,Done - Deployed without Maintenance,Specialized suite of video productions of product suite for Joyce's team,,,,,,,APC,AMI,Joyce Solomon,APC,,,,,,,,,,
AMI Reporting - Level 3,AMI-XXXX,AMI,AMI,AMI Reporting - Level 3,AMI,Done - Deployed without Maintenance,Level 3 reporting suite revamp,,,,,,,APC,AMI,Joyce Solomon,APC,,,,,,,,,,
AMI/MDM Supporting documentation and branding materials,AMI-XXX2,AMI,AMI,AMI/MDM Supporting documentation and branding materials,AMI,Done - Deployed without Maintenance,"Suite of instructions on use of AMI tools and dashbaords. Inclusive of AMI Matchmaking, AMI Open House, AMI Industry Show, AMI logo creation, AMI dashboad standardization, and other misc small projects for AMI",,,,,,,APC,AMI,Joyce Solomon,APC,,2000-01-01,,,,,,,,
EV Forecast PBI,AMI-0001,AMI,AMI,EV Forecast PBI,EV,Done - Deployed with Maintenance,Dashboard to view forecasted demand of EVs and the impact on APC.,,,,,,,APC; GPC,"AMI, Marketing, PD Planning",Joyce Solomon,APC,,2025-01-31,,,TBD,https://app.powerbi.com/groups/81fec0eb-8d08-4692-a143-37e8dc217032/reports/ab1fb304-067b-4506-a24a-c9597af60dc9/ReportSection8cb1e5aae550f8578b4f?ctid=c0a02e2d-1186-410a-8895-0a4a252ebf17&experience=power-bi,,,,
Metered Loads,AMI-XXX5,AMI,AMI,Metered Loads,AMI,Request Received,GET FROM DAN,,,,,,,APC,AMI,Joyce Solomon,APC,,,,,,,,,,
Funding Dashboard,ECD-0002,Economic and Community Development,Corporate & Engineering Services,Funding Dashboard,,In Development,Dashboard to show where state funds have gone historically in AL,,,,,,,APC,Economic Development,Shane Kearney,APC,,,,,,,,,,
JobsEQ Dashboard,ECD-0001,Economic and Community Development,Corporate & Engineering Services,JobsEQ Dashboard,,Done - Deployed with Maintenance,Developing a quick self-serve dashboard for pitch deck construction by ECD project managers,,,,,,,APC,Economic Development,Shane Kearney,APC,,,,,https://app.powerbi.com/groups/e1b7c1bc-9373-4c99-96e6-1a70e510b70d/reports/1de315d2-c9c7-4411-a0de-436c5e3c5471/778313c48533a849ca8b?experience=power-bi,https://app.powerbi.com/groups/e1b7c1bc-9373-4c99-96e6-1a70e510b70d/reports/1de315d2-c9c7-4411-a0de-436c5e3c5471/778313c48533a849ca8b?experience=power-bi,https://app.powerbi.com/groups/e1b7c1bc-9373-4c99-96e6-1a70e510b70d/reports/1de315d2-c9c7-4411-a0de-436c5e3c5471/778313c48533a849ca8b?experience=power-bi,,,
Data Center Dashboard Phase II,DCA-0004,Enterprise Data Customer Analytics,Corporate & Engineering Services,Data Center Dashboard Phase II,Customer Service,Scoping,"MVP was accepted, iterations and productionalization of the Data Center dashboard for a broad audience",,,,,,,SCS,EDCA,Christian Patel,SCS,,2025-07-31,,,https://app.powerbi.com/groups/ce3209e9-44e7-4d07-a225-b62833e63a5c/reports/32548e78-8a24-40e1-acad-d5c04e03dc2b/54fef1a88621c064195a?experience=power-bi,https://app.powerbi.com/groups/ce3209e9-44e7-4d07-a225-b62833e63a5c/reports/32548e78-8a24-40e1-acad-d5c04e03dc2b/54fef1a88621c064195a?experience=power-bi,https://app.powerbi.com/groups/ce3209e9-44e7-4d07-a225-b62833e63a5c/reports/32548e78-8a24-40e1-acad-d5c04e03dc2b/54fef1a88621c064195a?experience=power-bi,,,
Electric Transportation Dashboard Modernization,DCA-0005,Enterprise Data Customer Analytics,Corporate & Engineering Services,Electric Transportation Dashboard Modernization,EV,In Development,Updating Electric transportation dashboard,,,,,,,SCS,EDCA,Nick Whatley,SCS,,,,,,,,,,
Demographic DB Enhancement,DCA-0001,Enterprise Data Customer Analytics,Corporate & Engineering Services,Demographic DB Enhancement,,In Development,GET FROM DAN,,,,,,,SCS,SCS Customer Solutions,Nick Whatley,SCS,,,,,,,,,,
DeLorean - 1 Key Metrics,EPR-0005,EPRI,EPRI,DeLorean - 1 Key Metrics,,In Development,No description available.,,,,,,,EPRI,EPRI,Dexter Lewis,EPRI,,,,,,,,,,
DeLorean - 10 Version 1 Reporting Suite,EPR-0014,EPRI,EPRI,DeLorean - 10 Version 1 Reporting Suite,,In Development,No description available.,,,,,,,EPRI,EPRI,Dexter Lewis,EPRI,,,,,,,,,,
DeLorean - 11 Training - Marketing Materials,EPR-0015,EPRI,EPRI,DeLorean - 11 Training - Marketing Materials,,In Development,No description available.,,,,,,,EPRI,EPRI,Dexter Lewis,EPRI,,,,,,,,,,
DeLorean - 2 Reporting Suite Concepts,EPR-0006,EPRI,EPRI,DeLorean - 2 Reporting Suite Concepts,,Done - Deployed without Maintenance,No description available.,,,,,,,EPRI,EPRI,Dexter Lewis,EPRI,,,,,,,,,,
DeLorean - 3 Final Data Engineering Plan,EPR-0007,EPRI,EPRI,DeLorean - 3 Final Data Engineering Plan,,Done - Deployed without Maintenance,No description available.,,,,,,,EPRI,EPRI,Dexter Lewis,EPRI,,,,,,,,,,
DeLorean - 4 Initial Manual Data Extractions,EPR-0008,EPRI,EPRI,DeLorean - 4 Initial Manual Data Extractions,,In Development,No description available.,,,,,,,EPRI,EPRI,Dexter Lewis,EPRI,,,,,,,,,,
DeLorean - 5 Initial Reporting Suite Prototype,EPR-0009,EPRI,EPRI,DeLorean - 5 Initial Reporting Suite Prototype,,In Development,No description available.,,,,,,,EPRI,EPRI,Dexter Lewis,EPRI,,,,,,,,,,
DeLorean - 7 API Integrations,EPR-0011,EPRI,EPRI,DeLorean - 7 API Integrations,,In Development,No description available.,,,,,,,EPRI,EPRI,Dexter Lewis,EPRI,,,,,,,,,,
DeLorean - 8 Non-API Integrations,EPR-0012,EPRI,EPRI,DeLorean - 8 Non-API Integrations,,In Development,No description available.,,,,,,,EPRI,EPRI,Dexter Lewis,EPRI,,,,,,,,,,
DeLorean - 9 SoCo Data Integrations,EPR-0013,EPRI,EPRI,DeLorean - 9 SoCo Data Integrations,,In Development,No description available.,,,,,,,EPRI,EPRI,Dexter Lewis,EPRI,,,,,,,,,,
DeLorean - Other,EPR-0016,EPRI,EPRI,DeLorean - Other,,In Development,No description available.,,,,,,,EPRI,EPRI,Dexter Lewis,EPRI,,,,,,,,,,
DeLorean - Phase I - Milestone 1,EPR-0001,EPRI,EPRI,DeLorean - Phase I - Milestone 1,,Done - Deployed without Maintenance,No description available.,,,,,,,EPRI,EPRI,Dexter Lewis,EPRI,,,,,,,,,,
DeLorean - Phase I - Milestone 2,EPR-0002,EPRI,EPRI,DeLorean - Phase I - Milestone 2,,In Development,No description available.,,,,,,,EPRI,EPRI,Dexter Lewis,EPRI,,,,,,,,,,
DeLorean - Phase I - Milestone 3,EPR-0003,EPRI,EPRI,DeLorean - Phase I - Milestone 3,,In Development,No description available.,,,,,,,EPRI,EPRI,Dexter Lewis,EPRI,,,,,,,,,,
DeLorean - Phase I - Milestone 4,EPR-0004,EPRI,EPRI,DeLorean - Phase I - Milestone 4,,In Development,No description available.,,,,,,,EPRI,EPRI,Dexter Lewis,EPRI,,,,,,,,,,
DeLorean- 6 Set Up Asure,EPR-0010,EPRI,EPRI,DeLorean- 6 Set Up Asure,,In Development,No description available.,,,,,,,EPRI,EPRI,Dexter Lewis,EPRI,,,,,,,,,,
GPC Finance Contract Work,GFI-0001,GPC Finance,Finance,GPC Finance Contract Work,Finance,Paused,No description available.,,,,,,,,GPC Finance,Crystal Jackson,,,,,,,,,,,
Marketing Communications,OTH-0002,Other,Other,Marketing Communications,,Done - Deployed without Maintenance,On demad deck construction for Shane as needed,,,,,,,APC,PDDA,Shane Powell,APC,,,,,,,,,,
GPC Matchmaking,PDN-0028,"PD APIs, Mktg Collateral, and Other",Corporate & Engineering Services,GPC Matchmaking,Project Management Tools,Done - Deployed without Maintenance,GPC Matchmakimg deck,,,,,,,APC,GPC,,APC,,,,,,,,,,
Kruse Consulting Lookback +,PDN-0026,"PD APIs, Mktg Collateral, and Other",Corporate & Engineering Services,Kruse Consulting Lookback +,Project Management Tools,Done - Deployed without Maintenance,First Kruse Consulting Review,,,,,,,APC,PDDA,Shane Powell,APC,,,,,,,,,,
Semi-Annual Review,PDN-0027,"PD APIs, Mktg Collateral, and Other",Corporate & Engineering Services,Semi-Annual Review,Project Management Tools,Done - Deployed without Maintenance,Semi-Annual Review per Shane's request,,,,,,,APC,PDDA,Shane Powell,APC,,,,,,,,,,
CE Vendor Scorecard,GTR-0052,PD Grid Transformation Analytics,Grid Transformation,CE Vendor Scorecard,Resource Management,In Development,"Automated Reporting Suite in PowerBI, pulling from CAMP/JETS to assess and compare vendor performance within the UnderGrounding Capital Investment space",,,,,,,APC,,Chris McClain,APC,,,,,TBD,,,,,
Concrete Poles,GTR-XX23,PD Grid Transformation Analytics,Grid Transformation,Concrete Poles,Investment Prioritization,Request Received,Prioritizing replacement of existing poles along the coast with concrete poles,,,,,,,MPC,,Stacey Miles,MPC,,,,,,https://app.powerbi.com/groups/81fec0eb-8d08-4692-a143-37e8dc217032/reports/b1f97f12-3d18-4dc0-a5ac-4ef5c47a6d5d/ReportSectiona51a002d0021922781e5?experience=power-bi,,,,
Finance Pillar 1-Pagers,GTR-XX11,PD Grid Transformation Analytics,Grid Transformation,Data Analysis of Finance Pillar 1-Pagers,,In Development,Development of finance pillars and strategy,,,,,,,APC,PDDA,Jesse Woods,APC,,,,,,,,,,
Onsite Team and Finance Pillar Dev,GTR-XXX2,PD Grid Transformation Analytics,Grid Transformation,Data Analysis of Onsite Team and Finance Pillar Dev,,Done - Deployed with Maintenance,Analysis of finance pillar development and value of onsite team creation,,,,,,,APC,PDDA,Jesse Woods,APC,,,,,,,,,,
Data Center Reporting Suite,GTR-XX18,PD Grid Transformation Analytics,Grid Transformation,Data Center Reporting Suite,,Done - Deployed with Maintenance,"Dashboard to monitor datacenter development opportunities, pipeline, and progress",,,,,,,SCS,Enterpririse Data Customer Analytics,Christian Patel,SCS,,,,,,,,,,
DATS - Relational DB Dev,GTR-XX13,PD Grid Transformation Analytics,Grid Transformation,DATS - Relational DB Dev,Devices,Done - Deployed with Maintenance,Updating MS Access databases to a consolidated database for devices,,,,,,,APC,PD Technology,Kelsey Stephens,APC,,,,,,,,,,
DATS VBA,GTR-XX19,PD Grid Transformation Analytics,Grid Transformation,DATS VBA,Devices,Done - Deployed without Maintenance,Updating VBA code for DATS databases,,,,,,,APC,PD Technology,Kelsey Stephens,APC,,,,,,,,,,
Enterprise AI Strategy,GTR-XXX8,PD Grid Transformation Analytics,Grid Transformation,Digital Enterprise AI Strategy,AI,Done - Deployed without Maintenance,Strategy deck compiled about deployment of AI for PDDA and where it could be beneficial,,,,,,,APC,PDDA,Jesse Woods,APC,,,,,,,,,,
Strategic Product Roadmap,GTR-XXX7,PD Grid Transformation Analytics,Grid Transformation,Digital Strategic Product Roadmap,,In Development,Analysis and Strategy for products that PDDA could produce and impact APC more broadly,,,,,,,APC,PDDA,Jesse Woods,APC,,,,,,,,,,
Distribution Planning Solution Strategy,GTR-XXX6,PD Grid Transformation Analytics,Grid Transformation,Distribution Planning Solution Strategy Data Analysis,Distribution Planning,Done - Deployed without Maintenance,Analysis of distrubution planning options available and reccomendation for strategy moving forward,,,,,,,APC,PDDA-D,Shane Powell,APC,,,,,,,,,,
Engineering Workforce Analytics,GTR-0046,PD Grid Transformation Analytics,Grid Transformation,Engineering Workforce Analytics,Engineering Workload,Scoping,To be scoped week of 3/17,,,,,,,GPC,,Roderick Taylor,APC,,,,,TBD,,,,,
Enterprise Analytics Org Strategy,GTR-XXX5,PD Grid Transformation Analytics,Grid Transformation,Enterprise Data Analytics Org Strategy,,Done - Deployed without Maintenance,Evaluation of different organization structures for analytics groups and reccomendation for best fit for APC & Souther Company more broadly,,,,,,,APC,PDDA,Shane Powell,APC,,,,,,,,,,
Fiber Reporting Suite,GTR-XXX4,PD Grid Transformation Analytics,Grid Transformation,Fiber Reporting Suite,Fiber,Done - Deployed with Maintenance,Set of tools and analytics for FTD. This was a first iteration getting miles laid and operational/financial numbers in one place,"Centralized reporting for Fiber operations, specifically focused on managing vendors, work orders, devices, and upcoming construction schedules.",Fiber leadership. Fiber to Distribution (FTD) and Long-haul Fiber (LH) teams.,"Set of dashboards within Power BI built on multiple SharePoint, databases (JETS, TAM, PDDA GIDB, etc.), and Power BI sources (SOLAR). Views focused on monthly and quarterly summaries, with dashboards allowing views to manage scheduling, devices, and work order information.",ETL & Data Visualization; Data Engineering; Analytics & Modeling,,"Holly Joiner, Tommy House",APC,Fiber,Holly Joiner,APC,,,85,3,,,,,,
Fiber Reporting Suite Phase II,GTR-0043,PD Grid Transformation Analytics,Grid Transformation,Fiber Reporting Suite Phase II,Fiber,In Development,Application of APC Fiber reporting suite to GPC.,,,,,,,APC,,"Holly Joiner, Hannah Tillman",APC,,2025-07-31,,,TBD,https://app.powerbi.com/groups/81fec0eb-8d08-4692-a143-37e8dc217032/reports/a2a58ed9-d55f-453f-9b26-d24941235236/ReportSectionf1880115b57853e66d01?experience=power-bi,,,,
Fiber Reporting Suite Phase II,GTR-0043-1,PD Grid Transformation Analytics,Grid Transformation,Fiber Reporting Suite Phase II,Fiber,In Development,Application of APC Fiber reporting suite to GPC.,,,,,,,APC,,"Holly Joiner, Hannah Tillman",APC,,2025-07-31,,,TBD,https://app.powerbi.com/groups/81fec0eb-8d08-4692-a143-37e8dc217032/reports/a2a58ed9-d55f-453f-9b26-d24941235236/ReportSectionf1880115b57853e66d01?experience=power-bi,,,,
iPad Tracker,GTR-XX15,PD Grid Transformation Analytics,Grid Transformation,iPad Tracker,Asset Management,Done - Deployed without Maintenance,"Design and build out of ipad tracking dashboard per the ,metrics Melanie requested",,,,,,,APC,PD Technology,Larry Grant,APC,,,,,,,,,,
IPAD Tracker UI/UX,GTR-XX21,PD Grid Transformation Analytics,Grid Transformation,iPad Tracker,Asset Management,Done - Deployed without Maintenance,iPAD tracker user design experince and instructions on use for broader team and end users,,,,,,,APC,PD Technology,Larry Grant,APC,,,,,,,,,,
iPad Tracker data integration,GTR-XX24,PD Grid Transformation Analytics,Grid Transformation,iPad Tracker,Asset Management,Done - Deployed with Maintenance,Ingestion of iPad data into Gidb to power dashboards,,,,,,,APC,PD Technology,Larry Grant,APC,,,,,,,,,,
Jira PM Launch,GTR-XX10,PD Grid Transformation Analytics,Grid Transformation,Jira PM Launch,Project Management Tools,Done - Deployed without Maintenance,Launch of Jira per Jesse,,,,,,,APC,PDDA,Jesse Woods,APC,,,,,,,,,,
Long Haul Fiber Automation,GTR-0045,PD Grid Transformation Analytics,Grid Transformation,Long Haul Fiber Automation,Fiber,Done - Deployed with Maintenance,Automation of Long Haul Fiber tracking and reporting that had previously been preformed manually.,,,,,,,GPC,,Tommy House,APC,,2025-04-30,,,https://app.powerbi.com/links/GYDW0so0mh?ctid=c0a02e2d-1186-410a-8895-0a4a252ebf17&pbi_source=linkShare&bookmarkGuid=e4237f67-fe8b-4c96-9a42-dfa2b6f023e3,https://app.powerbi.com/links/GYDW0so0mh?ctid=c0a02e2d-1186-410a-8895-0a4a252ebf17&pbi_source=linkShare&bookmarkGuid=e4237f67-fe8b-4c96-9a42-dfa2b6f023e3,https://app.powerbi.com/links/GYDW0so0mh?ctid=c0a02e2d-1186-410a-8895-0a4a252ebf17&pbi_source=linkShare&bookmarkGuid=e4237f67-fe8b-4c96-9a42-dfa2b6f023e3,,,
Network - Cloud Data Integration,GTR-XX98,PD Grid Transformation Analytics,Grid Transformation,Network - Data Availability Assessment,Undergrounding,Scoping,No description available.,,,,,,,GPC,Network Underground,Megan Barnidge,GPC,,,,,,,,,,
Network - Data Availability Assessment,GTR-XX97,PD Grid Transformation Analytics,Grid Transformation,Network - Modeling & Analyses,Undergrounding,Scoping,No description available.,,,,,,,GPC,Network Underground,Megan Barnidge,GPC,,,,,,,,,,
Network - Modeling & Analyses,GTR-XX96,PD Grid Transformation Analytics,Grid Transformation,Network - On Prem DB Dev & ETL,Undergrounding,Scoping,No description available.,,,,,,,GPC,Network Underground,Megan Barnidge,GPC,,,,,,,,,,
Network - On Prem DB Dev & ETL,GTR-XX95,PD Grid Transformation Analytics,Grid Transformation,"Network - Strat, Planning & PM",Undergrounding,Scoping,No description available.,,,,,,,GPC,Network Underground,Megan Barnidge,GPC,,,,,,,,,,
"Network - Strat, Planning & PM",GTR-XX94,PD Grid Transformation Analytics,Grid Transformation,Network - Visualization Content Dev - PowerBI,Undergrounding,Scoping,No description available.,,,,,,,GPC,Network Underground,Megan Barnidge,GPC,,,,,,,,,,
Noteworthy Data Integraiton,GTR-XXX9,PD Grid Transformation Analytics,Grid Transformation,Noteworthy Data Integration,Vegetation Management,Done - Deployed without Maintenance,Noteworthy data intergation via API to serves for PD Tech,,,,,,,APC,PD Technology,David Osborne,APC,,,,,,,,,,
Osmose Poles Analysis,GTR-0050,PD Grid Transformation Analytics,Grid Transformation,Osmose Poles Analysis,Asset Management,Paused,API to Fulcrum and dashboard of pole corrective action status,,,,,,,,,David Loflin,APC,,,,,https://app.powerbi.com/groups/81feceb-8d8-4692-a143-37e8dc21732/reports/5fceeedb-787b-4197-b16a-262c963491b/ReportSection366afeeeaaa62351e4?experience=power-bi,https://app.powerbi.com/groups/81feceb-8d8-4692-a143-37e8dc21732/reports/5fceeedb-787b-4197-b16a-262c963491b/ReportSection366afeeeaaa62351e4?experience=power-bi,,,,Duplicate?
System UI/UX,GTR-XX16,PD Grid Transformation Analytics,Grid Transformation,PBI Brand Standards,Project Management Tools,Done - Deployed without Maintenance,Brand standards and templates developed for consistency in the look and feel of each reporting suite to drive user adoption,,,,,,,APC,PDDA,Shane Powell,APC,,,,,,,,,,
PD Connectivity - Marketing,GTR-XX20,PD Grid Transformation Analytics,Grid Transformation,PD Connectivity - Marketing,Fiber,Done - Deployed with Maintenance,Dashboard and reporting suite for Fiber Marketing team,,,,,,,APC,PD-Connectivity,Grant Rogers,APC,,,,,,GET,,,,
PD Connectivity Contracts,GTR-XX27,PD Grid Transformation Analytics,Grid Transformation,PD Connectivity Contracts,Fiber,In Development,View from Oracle of existing and pending lease contracts,,,,,,,APC,Fiber,Grant Rogers,APC,,,,,,,,,,
PD Connectivity Mktg Metric Development,GTR-0048,PD Grid Transformation Analytics,Grid Transformation,PD Connectivity Mktg Metric Development,Fiber,In Development,"Establishment of drivers for Fiber. Forecasting based on know historicals and drivers, dashboarding of effort.",,,,,,,,,Grant Rogers,,2025-07-01,,,,,,,,,
PD Connectivity P&L,GTR-0060,PD Grid Transformation Analytics,Grid Transformation,PD Connectivity P&L,Fiber,In Development,Developing P&L with drill down level capabilities for Fiber. Visualizations for quarterly decks to leadership,,,,,,,APC,Fiber,Grant Rogers,APC,,2025-07-10,,,,,https://app.powerbi.com/Redirect?action=OpenApp&appId=7b506121-1caf-4e8f-b3e7-ac6cd5b9db5a&ctid=c0a02e2d-1186-410a-8895-0a4a252ebf17&experience=power-bi,,,
PD Retention Study,GTR-XX90,PD Grid Transformation Analytics,Grid Transformation,PD Retention Study,Workforce Analytics,Removed,Study on APC PD attrition rates,,,,,,,APC,VP,Meridith Morgan,APC,,,,,,,,,,
PD Tech focus group deck,GTR-XX22,PD Grid Transformation Analytics,Grid Transformation,PD Tech focus group deck,,Done - Deployed without Maintenance,PD Tech focus group deck,,,,,,,APC,PD Technology,Kelsey Stephens,APC,,,,,,,,,,
PD Technology UI/UX Support,GTR-XX14,PD Grid Transformation Analytics,Grid Transformation,PD Technology Support,Performance,Done - Deployed without Maintenance,Helping PD Technology adjust user facing outputs to have more intuitive design,,,,,,,APC,PD Technology,Kelsey Stephens,APC,,,,,,,,,,
PDDA Database Launch,GTR-XX17,PD Grid Transformation Analytics,Grid Transformation,PDDA Database Launch,Automation,Done - Deployed with Maintenance,Architecture and design of Gidb,,,,,,,APC,PDDA,Shane Powell,APC,,,,,,,,,,
SCS R&D Data Science Project,GTR-XXXX,PD Grid Transformation Analytics,Grid Transformation,SCS R&D Data Science Project,,Request Received,GET FROM DAN,,,,,,,APC,SCS R&D,Jason Autrey,APC,,,,,,,,,,
SCS R&D Project Exploration,GTR-XX12,PD Grid Transformation Analytics,Grid Transformation,SCS R&D Project Exploration,,Done - Deployed without Maintenance,Explatory analytics conversation with R&D group that eventually led to EPRI project,,,,,,,SCS,SCS R&D,Julia Clarke,SCS,,,,,,,,,,
Service Dept Reporting Suite,GTR-0047,PD Grid Transformation Analytics,Grid Transformation,Service Dept Reporting Suite,,Paused,Dashboard and Reporting for service managers. Currently working on ingesting ARCOS data.,,,,,,,,PD Technology,David Osborne,,,,,,TBD,,,,,
SOCO Fiber Data Analytics,GTR-XX93,PD Grid Transformation Analytics,Grid Transformation,SOCO Fiber Data Analytics,Fiber,In Development,FiberConnectGrid,,,,,,,GPC,Fiber,Holly Joiner,,,,,,,,,,,
SPOQ Dashboard,GTR-XX28,PD Grid Transformation Analytics,Grid Transformation,SPOQ Dashboard,,Request Received,TBD,,,,,,,MPC,,David Loflin,MPC,,,,,,,,,,
Tableau to PowerBI Transition,GTR-XXX3,PD Grid Transformation Analytics,Grid Transformation,Tableau to PowerBI Transition,Automation,Done - Deployed with Maintenance,Helping PD Tech intern convert tableau reports to power bi reports,,,,,,,APC,PD Technology,David Osborne,APC,,,,,,,,,,
UA Interview & Onboarding App,TEC-0049,PD Technology,Grid Transformation,UA Interview & Onboarding App,Workforce Analytics,In Development,Candidate tracking OutSystems app and database,,,,,,,,PD Technology,Kelsey Stephens,APC,,2025-04-15,,,https://ua-outsystems.southernco.com/UAIM/,https://ua-outsystems.southernco.com/UAIM/,,,,
UG Scheduling App,GTR-0051,PD Grid Transformation Analytics,Grid Transformation,UG Scheduling App,Project Management Tools,Paused,Outsystems app converstion from Access DB to track requests and workorders for new service connections at construction sites,,,,,,,APC,PD Technology,Kelsey Stephens,APC,,,,,TBD,,,,,
Operational and Financial Dashboards,GTR-0044,PD Grid Transformation Analytics,Grid Transformation,Veg Management Reporting and Data Automation,Vegetation Management,In Development,Dashboards for reporting metrics used by veg managment,,,,,,,APC,,Kristen Bridges,APC,,,,,https://app.powerbi.com/groups/me/reports/f00d6979-ef4e-4575-997b-858f60092dbe/581d6ab697342e0543d5?ctid=c0a02e2d-1186-410a-8895-0a4a252ebf17&experience=power-bi,https://app.powerbi.com/groups/me/reports/f00d6979-ef4e-4575-997b-858f60092dbe/581d6ab697342e0543d5?ctid=c0a02e2d-1186-410a-8895-0a4a252ebf17&experience=power-bi,,,,
Vendor Scorecard,GTR-XX26,PD Grid Transformation Analytics,Grid Transformation,Veg Management Reporting and Data Automation,Vegetation Management,Request Received,Dashboards for reporting metrics used by veg managment,,,,,,,APC,,Kristen Bridges,APC,,,,,TBD,,,,,
3 Phase Critical Stock Dashboard,OPR-0031,PD Operations Analytics,Operations,3 Phase Critical Stock Dashboard,Asset Management,In Development,Dashboard to view needed vs actual critical stock of 3 phase transformers by location,,,,,,,APC,,Cory Hanks,APC,,2025-05-31,,,TBD,,,,,
AFT Report Automation,OPR-XXX9,PD Operations Analytics,Operations,AFT Report Automation,Finance,In Development,Automation of Capital Budget reporting to replace manual Excel spreadsheets and pull data directly from SOAR on a monthly schedule.,,,,,,,APC,AFT Strategic Transformation,Shea Wright,APC,,,,,,,,,,
AFT Report Automation II,OPR-XX19,PD Operations Analytics,Operations,AFT Report Automation II,Finance,Done - Deployed without Maintenance,Using PowerBi's advanced features to reduce the manual work associated with the data aggergation and report creation,,,,,,,APC,AFT Strategic Transformation,Shea Wright,APC,,,,,,,,,,
APC Weather Sandbox,OPR-0004,PD Operations Analytics,Operations,APC Weather Sandbox,Weather,Done - Deployed without Maintenance,Develop Weather Sandbox for Storm Center to display results and historical accuracy tracking for StormImpact and SPEAR,,,,,,,APC,DCC,Corey Sweeney,APC,,,,,https://tiny.sc/weather/,,https://tiny.sc/weather/,,,
ARCOS,OPR-XXX7,PD Operations Analytics,Operations,ARCOS,Workforce Analytics,Done - Deployed with Maintenance,Developing a pipeline to ingest ARCOS data for visualization,,,,,,,APC,PD Technology,David Osborne,APC,,,,,,,,,,
Strategic Value of Advanced Weather Data,OPR-XXX4,PD Operations Analytics,Operations,Data Analysis Strategic Value of Advanced Weather Data,Weather,Done - Deployed with Maintenance,"Pre-work determining the cost-benefit of digging into Southern Company priopetary weather suite with use from various sources, work that laid the foundation for Weather Sandbox",,,,,,,APC,PDDA-D,Jesse Woods,APC,,,,,,,,,,
DCC ARCOS,OPR-XX20,PD Operations Analytics,Operations,DCC ARCOS,,Scoping,No description available.,,,,,,,,,,,,,,,,,,,,
DCC iWoRC,OPR-0024,PD Operations Analytics,Operations,DCC iWoRC,,Done - Deployed without Maintenance,Conversion of Access DB query from iWoRC to usable PBI,,,,,,,APC,DCC,Adam Swafford,APC,,1912-07-23,,,https://app.powerbi.com/groups/a377f74d-f9f4-4ade-94f-d5f69ad89d/reports/cb455fa-a87a-4588-aa55-c3d39d675f1c/b5b66883b99e55ad24?experience=power-bi,https://app.powerbi.com/groups/a377f74d-f9f4-4ade-94f-d5f69ad89d/reports/cb455fa-a87a-4588-aa55-c3d39d675f1c/b5b66883b99e55ad24?experience=power-bi,https://app.powerbi.com/groups/a377f74d-f9f4-4ade-94f-d5f69ad89d/reports/cb455fa-a87a-4588-aa55-c3d39d675f1c/b5b66883b99e55ad24?experience=power-bi,,,
DCC Phone,OPR-0025,PD Operations Analytics,Operations,DCC Phone,,In Development,Integration of RevCord data and storm names with enhanced 911 caller list to the first version of the dashboard.,,,,,,,APC,DCC,Adam Swafford,APC,,2025-07-31,,,https://app.powerbi.com/groups/1cfa668a-2cc8-4859-bf54-6844d654e621/reports/d14c982-53-466f-9f36-ad8fd4d62c74/ReportSection55f44f9c2e59bc1e1e21?experience=power-bi,https://app.powerbi.com/groups/1cfa668a-2cc8-4859-bf54-6844d654e621/reports/d14c982-53-466f-9f36-ad8fd4d62c74/ReportSection55f44f9c2e59bc1e1e21?experience=power-bi,https://app.powerbi.com/groups/1cfa668a-2cc8-4859-bf54-6844d654e621/reports/d14c982-53-466f-9f36-ad8fd4d62c74/ReportSection55f44f9c2e59bc1e1e21?experience=power-bi,,,
DCC Phone infastructure Development,OPR-XX10,PD Operations Analytics,Operations,DCC Phone,Workforce Analytics,In Development,Setting up data architecture and engineering to ingest and transform call data,,,,,,,APC,DCC,Adam Swafford,APC,,,,,https://app.powerbi.com/groups/1cfa668a-2cc8-4859-bf54-6844d654e621/reports/d14c9820-5300-466f-9f36-ad8fd4d62c74/ReportSection55f44f9c2e59bc1e1e21?experience=power-bi,https://app.powerbi.com/groups/1cfa668a-2cc8-4859-bf54-6844d654e621/reports/d14c9820-5300-466f-9f36-ad8fd4d62c74/ReportSection55f44f9c2e59bc1e1e21?experience=power-bi,,,,
DCC Phone executive view,OPR-XX11,PD Operations Analytics,Operations,DCC Phone,Workforce Analytics,Done - Deployed without Maintenance,Initial dashboard release for leaders to monitor team,,,,,,,APC,DCC,Adam Swafford,APC,,,,,https://app.powerbi.com/groups/1cfa668a-2cc8-4859-bf54-6844d654e621/reports/d14c9820-5300-466f-9f36-ad8fd4d62c74/ReportSection55f44f9c2e59bc1e1e21?experience=power-bi,https://app.powerbi.com/groups/1cfa668a-2cc8-4859-bf54-6844d654e621/reports/d14c9820-5300-466f-9f36-ad8fd4d62c74/ReportSection55f44f9c2e59bc1e1e21?experience=power-bi,,,,
DCC Phone Reporting Suite V1,OPR-XX13,PD Operations Analytics,Operations,DCC Phone,Workforce Analytics,Done - Deployed without Maintenance,First release of full dashboard and capabilities that integrated data from cisco call data,,,,,,,APC,DCC,Adam Swafford,APC,,,,,https://app.powerbi.com/groups/1cfa668a-2cc8-4859-bf54-6844d654e621/reports/d14c9820-5300-466f-9f36-ad8fd4d62c74/ReportSection55f44f9c2e59bc1e1e21?experience=power-bi,https://app.powerbi.com/groups/1cfa668a-2cc8-4859-bf54-6844d654e621/reports/d14c9820-5300-466f-9f36-ad8fd4d62c74/ReportSection55f44f9c2e59bc1e1e21?experience=power-bi,,,,
DCC UI/UX,OPR-XX14,PD Operations Analytics,Operations,DCC Phone,Workforce Analytics,Done - Deployed without Maintenance,Creation of UX/UI and instruction set for end-users based on super-user feedback,,,,,,,APC,DCC,Adam Swaford,APC,,,,,,,,,,
Distribution Support ARCOS Data Work,OPR-XX18,PD Operations Analytics,Operations,Distribution Support ARCOS Data Work,Workforce Analytics,Done - Deployed without Maintenance,Helping field team create analytics around their workforce preformance leveraging previous work done getting ARCOS into databricks,,,,,,,APC,Distribution Support,Charles Elledge,APC,,,,,,,,,,
Distribution Support Data Work,OPR-XX12,PD Operations Analytics,Operations,Distribution Support Data Work,Metrics,In Development,Designing architecture to enable Golden Gate transisition,,,,,,,APC,Distribution Support,Brock Parker,APC,,,,,,,,,,
ETR/ITR Reporting Suite,OPR-0030,PD Operations Analytics,Operations,ETR Reporting Suite,ERT,In Development,Reporting suite to replace daily scorecard email. Suite to include various enhancements and views currently unavailable,,,,,,,,,"Brian Doyle, Kim Williams",APC,,2025-04-04,,,TBD,https://app.powerbi.com/groups/6eda5ce7-b3db-490a-bef9-1c59c71f14c4/reports/3ec2b4b4-9444-4a1f-a285-98a57f64a41f/ReportSectionc5b8d65029c90cc0d58e?ctid=c0a02e2d-1186-410a-8895-0a4a252ebf17&experience=power-bi,,,,
Network - Visualization Content Dev - PowerBI,OPR-0023,PD Grid Transformation Analytics,Grid Transformation,Network Transformer Health Dashboard,Undergrounding,In Development,PBi dashboard showing recent tests and trends for underground network transformers and replacement guidelines,,,,,,,,,Stephen Wolbach,APC,,2025-08-31,,,TBD,,,,,
PBI Design Enhancements,OPR-XX11-1,PD Operations Analytics,Operations,PBI Design Enhancements,Automation,Done - Deployed without Maintenance,Assisting Shea's team optimize PowerBi reports,,,,,,,APC,AFT Strategic Transformation,Shea Wright,APC,,,,,,,,,,
SPEAR user adoption,OPR-XX15,PD Operations Analytics,Operations,SPEAR,Weather,Done - Deployed without Maintenance,Materials explaining the use of SPEAR to end users and potential adopters,,,,,,,APC,PDDA-D,David Huffstutler,APC,,,,,,,,,,
DTN Data Integration,OPR-XXX2,PD Operations Analytics,Operations,Weather Sandbox,Weather,Done - Deployed without Maintenance,DTN data integration via API to build baseline data for prediction,,,,,,,APC,PDDA-D,David Huffstutler,APC,,,,,,,,,,
NWS Data Integration,OPR-XXX3,PD Operations Analytics,Operations,Weather Sandbox,Weather,Done - Deployed without Maintenance,National Weather Services data integration via API into weather sandbox,,,,,,,APC,PDDA-D,David Huffstutler,APC,,,,,,,,,,
StormImpact Data Integration,OPR-XXX5,PD Operations Analytics,Operations,Weather Sandbox,Weather,Done - Deployed without Maintenance,StormImpact data intergation via API for the weather sandbox,,,,,,,APC,PDDA-D,David Huffstutler,APC,,,,,,,,,,
Tempest Data Integration,OPR-XXX6,PD Operations Analytics,Operations,Weather Sandbox,Weather,Done - Deployed without Maintenance,Tempest data integration into weather sandbox via API,,,,,,,APC,PDDA-D,David Huffstutler,APC,,,,,,,,,,
Weather Sandbox UI/UX,OPR-XXX8,PD Operations Analytics,Operations,Weather Sandbox,Weather,Done - Deployed without Maintenance,User design and integration for weather sandbox with end user adoption strategy and instructions,,,,,,,APC,PDDA-D,David Huffstutler,APC,,,,,,,,,,
ARCOS Phase II,TEC-0002,PD Technology,Grid Transformation,ARCOS Phase II,Workforce Analytics,Done - Deployed without Maintenance,2nd iteration of ARCOS dashboard,,,,,,,APC,PD Technology,David Osborne,APC,,,,,,,,,,
Context Switching Case,TEC-0003,PD Technology,Grid Transformation,Context Switching Case PDT,,Done - Deployed without Maintenance,Dive into context switching use cases for PD Technology applications,,,,,,,APC,PD Technology,Kelsey Stephens,APC,,,,,,,,,,
iPad Tracker phase II,TEC-0001,PD Technology,Grid Transformation,IPAD Tracker Phase II,Asset Management,In Development,Enhancements to original iPad tracker,,,,,,,APC,PD Technology,Larry Grant,APC,,,,,,,,,,
Labor Multiplier,REL-XXX2,Reliability,Reliability,Labor Multiplier,Project Management Tools,In Development,Working with Joint Use to help reevaluate the labor multiplier that is used in estimation,,,,,Danny,,APC,PDDA,Jermaine Clements,APC,,,,,,,,,,
RAMP User adoption,REL-XXX1,Reliability,Reliability,RAMP,,In Development,Materials to drive user adoption that explain use of suite and functionality,,,,,,,APC,PDDA-D,David Boyd,APC,,,,,TBD,,,,,
Managed Charging Dashboard,R&D-0001,Southern Company Research and Development,Corporate & Engineering Services,Managed Charging Dashboard,EV,Request Received,Specific dashboard to monitor customers who have signed up for managed charging through Southern Company,,,,,,,SCS,SCS R&D,Shardul Modi,SCS,,,,,,,,,,
Administrative Documentation,TRN-0015,Transmission Analytics,Transmission,Administrative Documentation,Transmission,In Development,Dale work to support Emily,,,,,,,APC,PDDA-T,Emily Boles,APC,,,,,,,,,,
APC Data Analytics Project Tracker (ADAPT),TRN-XXX9,Transmission Analytics,Transmission,APC Data Analytics Project Tracker (ADAPT),Project Management Tools,Paused,GET FROM DAN,,,,,,,APC,PDDA-T,"Emily Boles, Josh McCurry",APC,,,,,,,,,,
Automated Transmission Outage Reporting,TRN-0049,Transmission Analytics,Transmission,Automated Transmission Outage Reporting,Transmission,Scoping,Process that automates the syncing of EMS Cafe and STOMP outage times.,,,,,,,,TCC,Chad Williamson,,,,,,TBD,,,,,
Badge Reader Alarm Analysis,TRN-XXX8,Transmission Analytics,Transmission,Badge Reader Alarm Analysis,Devices,Paused,GET FROM DAN,,,,,,,,,Johnny Black,APC,,,,,,,,,,
CISL- Civil Invoicing Substation List,TRN-0095,Transmission Analytics,Transmission,CISL- Civil Invoicing Substation List,Substations,In Development,No description available.,,,,,Danny,,APC,Civil Design,Tyler Flemming,APC,,,,,PBi development of outsystems app created by summer CoOp for substation invoicing to eventually incorporate estimate vs actual costs for projects,,,,,
Grating Construction Cost Analysis,TRN-0017,Transmission Analytics,Transmission,Civil Design Project Suite,Transmission Construction,Request Received,Dashboard Analytics for substation site grating costs.,,,,,Bob Favre,,APC,SCS Civil Design,Joe Godwin,,,,,,TBD,,,,,
Grating Activies Dashboard,TRN-0018,Transmission Analytics,Transmission,Civil Design Project Suite,Transmission Construction,Request Received,Dashboard Analytics for substation site grating activities.,,,,,Bob Favre,,APC,SCS Civil Design,Joe Godwin,,,,,,TBD,,,,,
Region Contacts,TRN-0019,Transmission Analytics,Transmission,Civil Design Project Suite,,Request Received,Dashboard for geographic region contacts.,,,,,Bob Favre,,APC,SCS Civil Design,Joe Godwin,,,,,,TBD,,,,,
Civil Design Timekeeping,TRN-0020,Transmission Analytics,Transmission,Civil Design Project Suite,Workforce Analytics,Request Received,Tool for simplifying timekeeping for Oracle entry,,,,,Bob Favre,,APC,SCS Civil Design,Joe Godwin,,,,,,TBD,,,,,
Bill of Materials,TRN-0021,Transmission Analytics,Transmission,Civil Design Project Suite,,Scoping,Facility to allow Bill of Materials for work sites to be created and passed to Construction for estimates.,,,,,Bob Favre,,APC,SCS Civil Design,Joe Godwin,,,,,,TBD,,,,,
Civil Design Estimate Tool,TRN-0022,Transmission Analytics,Transmission,Civil Design Project Suite,,In Development,Tool to securely automate the creation of Civil Design estimates based on Construction estimates vetted with historical averages.,,,,,Bob Favre,,APC,SCS Civil Design,Joe Godwin,,,,,,TBD,,,,,
Integrations and Workflows,TRN-0014,Transmission Analytics,Transmission,Copperleaf,,In Development,Workflows and Integrations,,,,,,,,Transmission Organization,"Emily Boles, Josh McCurry",,,,,,,,,,,
Customer Experience Dashboard,TRN-0042,Transmission Analytics,Transmission,Customer Experience Dashboard,Customer Experience,Done - Deployed with Maintenance,A PowerBI dashboard that represents the actual customer experience of Distribution Customers during a Transmission Outage event.,,,,,,,APC,Transmission Reliability Council,APC Transmission Reliability Council,APC,,2024-12-01,,,https://tiny.sc/CustomerExperienceDashboard,https://tiny.sc/CustomerExperienceDashboard,,,,
Data Science Project w/Josh,TRN-XX10,Transmission Analytics,Transmission,Data Science Project w/Josh,,Request Received,Unkown specifics beyond project description,,,,,,,APC,PDDA-T,"Emily Boles, Josh McCurry",APC,,,,,,,,,,
Economic and Community Dev Reporting,TRN-0050,Transmission Analytics,Transmission,Economic and Community Dev Reporting,ECD,Done - Deployed with Maintenance,New Contract. Previously built out data pipeline diagram and potential architecture for reporting. Support of training internal staff on PowerBi.,,,,,,,,Economic Development,Deyse Lopez,,,,,,TBD,,,,,
JobsEQ data integration,TRN-XXX3,Transmission Analytics,Transmission,Economic and Community Dev Reporting,Automation,Done - Deployed without Maintenance,Developing data integration via API for JobsEQ that can work with the limiting functions of the subscription,,,,,,,APC,Economic Development,Deyse Lopez,APC,,,,,,,,,,
JobsEQ data integration,TRN-XXX3-1,Transmission Analytics,Transmission,Economic and Community Dev Reporting,Automation,Done - Deployed without Maintenance,Developing data integration via API for JobsEQ that can work with the limiting functions of the subscription,,,,,,,APC,Economic Development,Deyse Lopez,APC,,,,,,,,,,
JobsEQ data integration,TRN-XXX3-2,Transmission Analytics,Transmission,Economic and Community Dev Reporting,Automation,Done - Deployed without Maintenance,Developing data integration via API for JobsEQ that can work with the limiting functions of the subscription,,,,,,,APC,Economic Development,Deyse Lopez,APC,,,,,,,,,,
Enviromental Affiars Project Schedule,TRN-0094,Transmission Analytics,Transmission,Enviromental Affiars Project Schedule,Project Management Tools,In Development,PBi development of outsystems app created by summer CoOp for project schedule,,,,,Danny,,APC,Enviromental Affairs,Stacy Thompson,APC,,,,,,,,,,
GPC Project Health Dashboard,TRN-0007,Transmission Analytics,Transmission,GPC Project Health Dashboard,Project Management Tools,In Development,Work to provide GPC with a similar project tracking tool to what APC currently has,,,,,,,GPC,PDDA-T,Josh McCurry,GPC,,,,,,,,,,
Grid Investment FTD Scheduling Tool,TRN-0034,Transmission Analytics,Transmission,Grid Investment FTD Scheduling Tool,Project Management Tools,Scoping,Automate Fiber to Distribution (FTD) scheduling to track and manage fiber to distribution construction crews.,,,,,,,APC,Grid Investment,Adam Carr,APC,,,,,TBD,,,,,
Grid Investment Resource Planning Tool,TRN-0035,Transmission Analytics,Transmission,Grid Investment Resource Planning Tool,Workforce Analytics,Scoping,"Tool to manage resources efficiently to minimize mobilizations, route crews, and incorporate kill sets/specializations into work assignments.",,,,,,,APC,Grid Investment,Adam Carr,APC,,,,,TBD,,,,,
LiDAR QA / QC AI,TRN-0038,Transmission Analytics,Transmission,LiDAR QA / QC AI,AI,Scoping,Light Detection and Ranging (LiDAR) QA/QC point cloud data.,,,,,,,APC,Transmission Engineering Services,Jeff Roper,APC,,,,,TBD,,,,,
Major Equipment Request Application,TRN-0077,Transmission Analytics,Transmission,MERA,Grid Planning,In Development,Combination of application features across OpCos to develop a single outsystems app for majore equipment requests,"MERA combines equipment requests and inventory in a single unified application across three OpCos, allowing the process for ordering/tracking equipment to become more standardized and precise.","Project managers who submit major equipment requests (transformers, breakers). Technical Support Services who review, slot, and assign major equipment.","A centralized application built in OutSystems that handles equipment request intake, approvals, and tracking across APC, GPC, and MPC. Includes routing notifications, full lifecycle tracking, STOMP integration, persistent filters, and breaker issues/failure reports.",Application Development; Data Engineering; UX/UI Development,,Ryan Windom,APC,PD Field Ops,Ryan Windom,APC,,,90,4,,,,,,
ORCA Data Integration,TRN-XX22,Transmission Analytics,Transmission,ORCA Data Integration,Transmission,Done - Deployed without Maintenance,Adding in ORCA data to Gidb (the transmission database) to support various past projects and enable the quick processing of future ORCA data for other projects,,,,,,,APC,PDDA-T,Emily Boles,APC,,,,,,,,,,
PBI Performance Improvement,TRN-XXX2,Transmission Analytics,Transmission,PBI Performance Improvement,Performance,In Development,Improving the preformance to increase user adoption of dashboards,,,,,,,APC,AFT Strategic Transformation,Erica Williams,APC,,,,,,,,,,
PDDA KPIs,TRN-XXX8-1,Transmission Analytics,Transmission,PDDA KPIs,Performance,In Development,Assistance to Shane's KPI development,,,,,,,APC,PDDA,Shane Powell,APC,,,,,,,,,,
Planning Metered Loads,TRN-0041,Transmission Analytics,Transmission,Planning Metered Loads,Load Management,Scoping,Automating collection of metered loads for Planning groups for studies.,,,,,,,SCS,"TP West, APC Distribution Planning","SCS TP West, APC Distribution Planning",APC,,,,,TBD,,,,,
Project Managament Database Enhancement,TRN-0057,Transmission Analytics,Transmission,Project Managament Database Enhancement,,In Development,Converting direct connections to TEAMS/P6/STOMP to point to the gidb copy of the data for performance. This project will play into other projects such as Unifier and other PM initiatives.,,,,,,,,Project Management,"Connie Dye, Charles Howard",,,,,,,,,,,
Projection Survey / Workload Management Tool?,TRN-XX12,Transmission Analytics,Transmission,Projection Survey / Workload Management Tool?,Crew Workload,Request Received,GET FROM DAN,,,,,,,APC,Transmission Lines Services,Jeff Roper,APC,,,,,,,,,,
Projection Tool - APC,TRN-0040,Transmission Analytics,Transmission,Projection Tool - APC,Project Management Tools,Done - Deployed with Maintenance,Project spend by project through a better tool than Access. Will likely roll into TransFORM.,,,,,,,APC,Project Management,APC Project Management,APC,,,,,,,,,,
SCT Monthly Reliability Report Automation,TRN-0053,Transmission Analytics,Transmission,SCT Monthly Reliability Report Automation,,In Development,Looking to take the SCT process done by Tammy and automate it. She currently uses Access to validate STOMP data from the Opcos,Automates SCT monthly reliability reporting by replacing manual Access/Excel steps with a consistent data pipeline for SAIDI and SAIFI.,SCT Reliability and reporting teams.,"Adds structured OPCO and enterprise approvals with automated recalculation and full historical/YTD tracking. Leverages Python, SQL Server, Power Automate, and Databricks to streamline ingestion, processing, and publishing.",Data Automation; Data Engineering; ETL & Data Visualization,Bob Favre,Emily Boles,APC; GPC; MPC,,Tammy Norwood,APC,,,60,2,TBD,,,,,
SIA (Substation Integration and Automation) Dashboard,TRN-0026,Transmission Analytics,Transmission,SIA (Substation Integration and Automation) Dashboard,,In Development,A dashboard that combines all SIA equipment within substations,"A web app that improves visibility into asset location, status, and lifecycle details. Mobile friendly and accessible out in the field.",Substation engineers and field staff.,"Enhances inventory accuracy and substation equipment details. Reduces manual tracking error. Centralizes substation asset data into a single, maintainable source.",Application Development; Data Architecture,,Emily Boles,APC,SIA Team,Johnny Black,APC,,2024-12-01,85,2,SIA Dashboard,SIA Dashboard,,,,
SLOSH PBI,TRN-0027,Transmission Analytics,Transmission,SLOSH PBI,Risk Analysis,Done - Deployed with Maintenance,Dashboard showing substation flood risk geographically across APC Territory.,,,,,,,APC,Substation Civil Design,Joe Godwin,APC,,2025-01-31,,,https://app.powerbi.com/links/fDuCl_tksu?ctid=ca2e2d-1186-41a-8895-a4a252ebf17&pbi_source=linkShare,https://app.powerbi.com/links/fDuCl_tksu?ctid=ca2e2d-1186-41a-8895-a4a252ebf17&pbi_source=linkShare,,,,
SPCC Oil Containment Ratings PBI,TRN-0025,Transmission Analytics,Transmission,SPCC Oil Containment Ratings PBI,Risk Analysis,Done - Deployed with Maintenance,An dashboard showing risk of oil containments Peltz Followup: Talk with DannyB about closure/hand-off process,,,,,,,APC,"Environmental Affairs, Substation Civil Design","Paula Coker, Joe Godwin",APC,,2024-09-01,,,https://outsystems.southernco.com/SPCCRISK/,https://outsystems.southernco.com/SPCCRISK/,,,,
STOMP Data Integration,TRN-XX20,Transmission Analytics,Transmission,STOMP Data Integration,Transmission,Done - Deployed without Maintenance,Adding in STOMP data to Gidb (the transmission database) to support various past projects and enable the quick processing of future STOMP data for other projects,,,,,,,APC,PDDA-T,Emily Boles,APC,,,,,,,,,,
Substation Infrastructure App,TRN-0023,Transmission Analytics,Transmission,Substation Infrastructure App,Substations,Scoping,Application that allows for office or field use providing Data Analytics to those who maintain substation assets.,,,,,Jon Schinker,,APC,Transmission Engineering Services,Arther Burrell,APC,,,,,TBD,,,,,
Survey/Mapping Project Book,TRN-0028,Transmission Analytics,Transmission,Survey/Mapping Project Book,Engineering Workload,In Development,Project dashboard for APC Survey team to monitor and manage workload.,,,,,,,APC,Survey,Shea Serian,APC,,2024-09-01,,,https://outsystems.southernco.com/SURVEYPROJECTS/,https://outsystems.southernco.com/SURVEYPROJECTS/,,,,
TEAMS Data Integration,TRN-XX21,Transmission Analytics,Transmission,TEAMS Data Integration,Transmission,Done - Deployed without Maintenance,Adding in TEAMS data to Gidb (the transmission database) to support various past projects and enable the quick processing of future TEAMS data for other projects,,,,,,,APC,PDDA-T,Emily Boles,APC,,,,,,,,,,
TELENIUM Data Integration,TRN-XX23,Transmission Analytics,Transmission,TELENIUM Data Integration,Transmission,Done - Deployed without Maintenance,Adding in TELENIUM data to Gidb (the transmission database) to support various past projects and enable the quick processing of future TELENIUM data for other projects,,,,,,,APC,PDDA-T,Emily Boles,APC,,,,,,,,,,
Trans Poles Data Transformation,TRN-0051,Transmission Analytics,Transmission,Trans Poles Data Transformation,Transmission,Done - Deployed without Maintenance,Access DB conversion to Databricks for lat/lon pole locations,,,,,,,,,Kimberly Sargent,APC,,,,,TBD,,,,,
Transmission Database Engineering,TRN-XXX4,Transmission Analytics,Transmission,Transmission Database Engineering,Automation,Done - Deployed with Maintenance,Adding new data sources to Gidb and growing capabilities,,,,,,,APC,PDDA-T,Emily Boles,APC,,,,,,,,,,
TransForm,TRN-XX13,Transmission Analytics,Transmission,TransForm,Transmission,In Development,No description available.,,,,,,,APC,PDDA-T,Emily Boles,APC,,,,,,,,,,
Transmission FLISR,TRN-0033,Transmission Analytics,Transmission,Transmission FLISR,Automation,Scoping,Analytics for Transmission automated restoration.,,,,,,,APC,Transmission Engineering Services,Jeff Waters,APC,,,,,TBD,,,,,
Transmission Growth,TRN-XXXX,Transmission Analytics,Transmission,Transmission Growth,Transmission,Request Received,GET FROM DAN,,,,,,,APC,PDDA-T,Emily Boles,APC,,,,,,,,,,
Transmission Infrastructure Prioritization Dashboards,TRN-0029,Transmission Analytics,Transmission,Transmission Infrastructure Prioritization Dashboards,Investment Prioritization,Done - Deployed with Maintenance,Transmission Lines Assets Dashboard to support program investment prioritization based on asset health.,,,,,,,APC,Transmission Engineering Services,Vicki Chaney,APC,,2024-09-01,,,https://app.powerbi.com/groups/a377f74d-f9f4-4ade-94f0-d5f0609ad89d/reports/56e846f8-577f-4398-a10d-139bce41593d/ReportSectiona755d2c2da72c6e84b7d?ctid=c0a02e2d-1186-410a-8895-0a4a252ebf17&experience=power-bi,https://app.powerbi.com/groups/a377f74d-f9f4-4ade-94f0-d5f0609ad89d/reports/56e846f8-577f-4398-a10d-139bce41593d/ReportSectiona755d2c2da72c6e84b7d?ctid=c0a02e2d-1186-410a-8895-0a4a252ebf17&experience=power-bi,,,,
Transmission Load Shed,TRN-0045,Transmission Analytics,Transmission,Transmission Load Shed,Load Management,Done - Deployed with Maintenance,"A PowerBI dashboard that prioritizes Transmission Line Load Shed based on Distribution list of PSH feeders,",,,,,,,APC,Transmission Control Center,"APC Transmission Control Center, Kevin B. Daniel",APC,,2024-12-01,,,https://tiny.sc/TransmissionLoadShed,https://tiny.sc/TransmissionLoadShed,,,,
Transmission Outage Cost Model,TRN-0052,Transmission Analytics,Transmission,Transmission Outage Cost Model,,In Development,"Looking to determine the cost of outages Broken down by MVA lost, Material and Labor Cost.",,,,,Bob Favre,,APC; GPC; MPC,,Tammy Norwood,APC,,,,,TBD,,,,,
UG Cable Inspections,TRN-0059,Transmission Analytics,Transmission,UG Cable Inspections,Undergrounding,In Development,"Visual to prioritize which cables to replace in the system, application for field teams to input replacements",,,,,,,APC,Dist Eng Services,Stephen Wolbach,APC,,2025-09-01,,,,,,,,
VM Locate Tickets,TRN-XX11,Transmission Analytics,Transmission,VM Locate Tickets,Vegetation Management,Request Received,GET FROM DAN,,,,,,,APC,Vegetation Management,Kristen Bridges,APC,,,,,,,,,,
Meter Intelligence Hub,AMI-XXX9,AMI,AMI,Meter Intelligence Hub,AMI,In Development,Project management for Joyce,,,,,,,APC; GPC,AMI,Joyce Solomon,,,,,,,,,,,
Network - Web Application Development,GTR-XX92,PD Grid Transformation Analytics,Grid Transformation,Network - Web Application Development,,In Development,"Integrate viz into app, integrate other compenents into app deb",,,,,,,APC; GPC,Network Underground,Megan Barnidge,GPC,,,,,,,,,,
Transmission Infrastructure Prioritization Dashboards Phase II,TRN-XXX5,Transmission Analytics,Transmission,Transmission Infrastructure Prioritization Dashboards Phase II,Investment Prioritization,Done - Deployed with Maintenance,Plug and play of existing APC infastructure dashboard to GPC,,,,,,,GPC,Transmission Engineering Services,Heather Lunsford,APC,,2024-09-01,,,,,,,,
SIA Audit App,TRN-XXX6,Transmission Analytics,Transmission,SIA Audit App,Substations,Request Received,Application in OutSystems for an audit team to use to input substation audit that will then be used for an internal member of Johnny's team,,,,,,,APC,SIA,Johnny Black,APC,,,,,,,,,,
"Fleet Vehicle Request, Tracking, & Reporting",GTR-0059,PD Grid Transformation Analytics,Grid Transformation,Fleet Analytics,"Fleet Vehicle Request, Tracking, & Reporting",In Development,Request by Crystal Jackson (GPC PD Fleet) to develop application to capture new vehicle requests. There is an existing MOBI being used by APC Fleet that may be guide in development.,"Streamlines submitting, tracking, and managing fleet requests, improving transparency, reducing bottlenecks, and ensuring the right vehicles are allocated at the right time.","GPC, APC, MPC - Fleet Operations Teams.","Centralized application across multiple OPCOs that automates fleet request intake, approvals, and tracking to improve visibility, speed fulfillment, budget analysis and vehicle utilization.",Application Development; UX/UI Development; Data Automation,"Pritesh Patel, Bob Favre",Cheryl Pressley,GPC,Fleet,Crystal Jackson,GPC,,,70,1,TBD,,,,,
CLAI.AI,AMI-XXX6,AMI,AMI,CLAI.AI,AMI,In Development,Upgrade to the Clay AI internal user interace PowerBi,,,,,,,APC; GPC,AMI,Joyce Solomon,APC,,,,,,,,,,
AMI Analytics Dashboards,AMI-XXX7,AMI,AMI,AMI Analytics Dashboards,AMI,In Development,No description available.,This tool streamlines the process of identifying customers with inefficient heating/cooling systems using dozens of relevant demographic indicators.,"Anyone in GPC/APC looking to identify and outreach to improve customers' inefficient heating and/or cooling systems, such as the EE Implementation Group.","A dashboard that allows users to filter millions of GPC/APC accounts on demographic factors such as household income, dwelling type, county, etc. Pinpoint small subsets of outlier accounts to connect with the goal of improving efficiency.",ETL & Data Visualization; Analytics & Modeling,,Joyce Solomon,APC; GPC,AMI,Joyce Solomon,APC,,,80,1,,,,,,
Physical Security Spare Equipment,TRN-115,Transmission Analytics,Transmission,Physical Security Spare Equipment,Capital Investment,Request Received,Executive view of major equipment counts,,,,,,,SCS,SCS,Kevin Martinez,APC,,,,,,,,,,
PD Eng Services BD,OTH-0004,Other,Other,PD Eng Services BD,,Scoping,Prep for Eng Svcs Work,,,,,,,APC,PDDA,Shane Powell,APC,,,,,,,,,,
Transmission Reliability Project,TRN-118,Transmission Analytics,Transmission,Transmission Reliability Project,Reliability,Scoping,Reliability analytics on the transmission equipment,"Create enhanced access, visibility, and forecasting across Transmission Outages to support reliability enhancements and better manage assets.",Project Managers and SVPs to support issue identification and research. Budget/Capital allocation optimization for Engineers (O&M) and PMs.,Multi-phased approach: Phase 1 (Reporting & Anomaly Detection) reproduces daily status reporting and surfaces historical outage data with ML-based anomaly classification. Phase 2 (Equipment Health & Optimization) adds asset health modeling and optimization engine. Phase 3 (Advanced Data Intelligence & AI) brings agentic AI tools.,Analytics & Modeling; ML & Data Science; ETL & Data Visualization; Data Engineering,,Emily Boles,GPC,PDDA,Kevin Martinez,,,,45,5,,,,,,
Workforce Analytics,GTR-XX35,PD Grid Transformation Analytics,Grid Transformation,Workforce Analytics,Engineering Workload,Scoping,Preform Gap analysis of GPC an APC tools for workforce plannng,,,,,,,GPC,PDDA,Cheryl Pressley,GPC,,,,,,,,,,
ACC Morning Report and Storm Report,TRN-105,Transmission Analytics,Transmission,ACC Morning Report and Storm Report,Weather,Scoping,Modernization of transmission morning report and storm reporting,,,,,,,GPC,PDDA,Gary Gorham,GPC,,,,,,,,,,
"Network - Low Code App, Powr BI",GTR-XX91,PD Grid Transformation Analytics,Grid Transformation,"Network - Low Code App, Powr BI",Undergrounding,In Development,Business deliverables,,,,,,,GPC,PDDA,Megan Barnidge,GPC,,,,,,,,,,
Storm Crew Logistics,OPR-XX29,PD Operations Analytics,Operations,Storm Crew Logistics,Crew Workload,In Development,Making a pivot table as an interim solution until team adopts GridCritical,,,,,,,APC,PDDA,Matthew Cotney,APC,,,,,,,,,,
Facility Name,TRN-XX99,Transmission Analytics,Transmission,Facility Name,Substations,In Development,Project to name and update names of facilities as they are built,,,,,,,APC; GPC,PDDA,Bob Favre,APC,,,,,,,,,,
ARCOS Dashboard Phase II,TEC-0004,PD Technology,Grid Transformation,ARCOS Dashboard Phase II,Crew Workload,In Development,Pick up the ARCOS dashboad where phase I leftoff,,,,,,,APC,PD Technology,David Osborne,APC,,,,,,,,,,
Visual Coaching,EGS-0001,PD Engineering Services,Distribution,Visual Coaching,Engineering Workload,In Development,Upskilling Nicole Grove and Appa Mantha within the PD Engineering Services group. This includes general coaching as well as an assessment of theri dashboards and cleaning them up,,,,,,,APC,PD Engineering Services,"Nicole Grove, Appa Mantha",APC,,,,,,,,,,
NETWORK - Domain Management,GTR-X101,PD Grid Transformation Analytics,Grid Transformation,NETWORK - Domain Management,Undergrounding,Scoping,another path to charge to for network people doing domains,,,,,,,APC,Network Underground,Megan Barnidge,GPC,,,,,,,,,,
DCC Phase III,OPR-XX25,PD Operations Analytics,Operations,DCC Phase III,Workforce Analytics,Scoping,The combination of GPC & APC DCC analtyics,,,,,,,APC; GPC,,,APC,,,,,,,,,,
Fiber ROI Estimator,GTR-XX89,PD Grid Transformation Analytics,Grid Transformation,Fiber ROI Estimator,Investment Prioritization,Scoping,Tool to determine ROI of Fiber,,,,,,,APC; GPC,Fiber,Nolan Jones,GPC,,,,,,,,,,
PD-TSC Investment Prioritization Initiative,TRN-X100,Transmission Analytics,Transmission,PD-TSC Investment Prioritization Initiative,Investment Prioritization,Scoping,Building Outsystems or other app to feed data and help TO team make decisions,"Creating a transparent, data-driven process to assess and prioritize technical investments, ensuring resources are focused on the highest-impact initiatives.","GPC, APC - Technology Steering Committee.","A consistent, data-driven framework to evaluate and rank new and existing technical projects, ensuring resources are directed toward the highest-value investments, reducing portfolio risk, and maximizing strategic and financial return.",Application Development; Analytics & Modeling; UX/UI Development,,Emily Boles,APC; GPC,,Britney Patrick,APC,,,75,1,,,,,,
Fulcrum Asset Management Integration,REL-XXX3,Reliability,Reliability,Fulcrum Asset Management Integration,Asset Management,Scoping,Integrating an API to automate out manual upload/download process and preparing an interactive dashboard,"Fulcrum Asset Management Integration creates a single, automated system of record that connects inspections to corrective actions and converts raw asset data into measurable program performance.",Executive leadership (one-page program health at a glance). Project managers (performance and accountability). Engineers/Supervisors/Field Ops (actionable corrective work management).,"Centralization of inspection data, corrective actions, and asset performance reporting. Integration of data flows between GIS, Fulcrum, and dashboards. Enables accountability and consistent corrective action tracking.",Data Engineering; Data Architecture; ETL & Data Visualization,,"David Loftin, Tony Hogan",MPC; GPC,PDDA,David Loflin,MPC,,,60,3,,,,,,
LLM for Metering Comments,EGS-0002,PD Engineering Services,Distribution,LLM for Metering Comments,,In Development,Using an LLM to categorize field comments for metering,,,,,,,APC,Engineering Services,Justin Harrison,APC,,,,,,,,,,
Open vs. Closed Source Analytics,PDD-XXX1,Shane's Request,Corporate & Engineering Services,Open vs. Closed Source Analytics,,In Development,Project for Jesse on larger open vs closed source analytics debate,,,,,,,APC,PDDA,Jesse Woods,APC,,,,,,,,,,
Planning Tool,GTR-XX36,PD Grid Transformation Analytics,Grid Transformation,Planning Tool,,In Development,Redesign of a tool planning used to attach to JETS to spit out estimates for the field based off of planned demand,,,,,,,APC,PD Engineering Services,Jimmy White,APC,,,,,,,,,,
NJUNS API,TEC-0005,PD Technology,Grid Transformation,NJUNS API,,In Development,"Connecting NJUNS API to an on-prem server that feeds WebX GIS, potential to expanding to backwards integration as well",,,,,,,APC,PD Technology,Kelsey Stephens,APC,,,,,,,,,,
Ground Inspection Priority Dashboard,TRN-X101,Transmission Analytics,Transmission,Ground Inspection Priority Dashboard,Resource Management,In Development,Taking in the new data from ground/drone inspections and making a tool to prioriitze pole replacements compared to otherwise planned replacements,A tool for the GPC Transmission Team (and TMCs) for identifying and prioritizing lines and line segments in poor health. Uses various metrics to determine health of a line to aid in prioritization efforts.,GPC Transmission Team and TMC groups.,Developed a scoring mechanism using various metrics. Combines data from multiple sources in a centralized location. Dashboard for prioritizing transmission line maintenance and inspection.,Analytics & Modeling; ETL & Data Visualization; Data Engineering,,Emily Boles,GPC,PDDA,Heather Lunsford,APC,,,90,2,,,,,,
Data Exploration,EGS-0003,PD Engineering Services,Distribution,Data Exploration,Investment Prioritization,In Development,Creating data flow diagrams and estimated hours for work to be completed,,,,,,,APC,PD Engineering Services,Justin Harrison,APC,,,,,,,,,,
PD SoFlow,TRN-X102,Transmission Analytics,Transmission,PD SoFlow,,In Development,Replacing a Mobi app that tracks signatures and approvals of PDFs,SoFlow standardizes how documents are approved across Southern Company. It reduces user toil for obtaining approvals and creates a history for audit purposes.,Project & program managers who need approvals with an audit trail. Decision makers who review and approve documents.,OutSystems app open to anyone. Users can submit any file format and easily track approval status. Flexible workflows allow users to restart the process after rejections or cancels.,Application Development; UX/UI Development,,Josh McCurry,APC; GPC,PDDA,Tammy Norwood,APC,,,95,3,,,,,,
EGS-PLN-Planning Tools,GTR-X200,PD Grid Transformation Analytics,Grid Transformation,EGS-PLN-Planning Tools,Asset Management,In Development,Create an Outsystems to replace what had been planning tools components before the up coming planning cycle,Replace the outdated Distribution Budget Solution and Arts Budget Estimate tools. Fix the issues with current tool to use during the 2026 Planning cycle.,APC PD Planning Team. PD Planning works to create cost-effective solutions to address system limitations.,"Connect directly with JETS, GIS & RAMP data sources. Give user control to update data on-demand. Migrated from outdated applications that lack support and no longer function. Modernize UX with more flexible filtering and layout controls.",Application Development; Data Engineering; UX/UI Development,,Justin Harrison,APC,PDDA,"Jimmy White, Justin Harrison",APC,,,65,2,,,,,,
EGS-BUS-JETS and CIAC Closeout,GTR-X201,PD Grid Transformation Analytics,Grid Transformation,EGS-BUS-JETS and CIAC Closeout,,In Development,To finalize the Visual Coaching effort that provides leadership with data insights on flagged jobs and reduces manual effort in data sharing.,,,,,,,APC,PPDA,"Melissa Hanby, Justin Harrison",APC,,,,,,,,,,
EGS-NTR-AMI Metering Closeout,GTR-X202,PD Grid Transformation Analytics,Grid Transformation,EGS-NTR-AMI Metering Closeout,Metering,In Development,To finalize the Visual Coaching effort that provides leadership metering data insights.,,,,,,,APC,PDDA,"Clint Foster, Justin Harrison",APC,,,,,,,,,,
AETOS Product Planning,OTH-XX10,Other,Other,AETOS Product Planning,,In Development,Jason Stele product deck for transmission on Jesse's behalf,,,,,,,APC,PDDA,Jesse Woods,APC,,,,,,,,,,
ARCOS Executive Roll-Up,TEC-0006,PD Technology,Grid Transformation,ARCOS Executive Roll-Up,,In Development,Completion of the ARCOS Availability Dashboard,,,,,,,APC,PD Technology,David Osborne,APC,,,,,,,,,,
AMR - Automated Morning Report,TRN-X103,Transmission Analytics,Transmission,AMR - Automated Morning Report,,Scoping,Modernization of a daily transmission email,,,,,,,APC; GPC,PDDA,Josh McCurry,APC,,,,,,,,,,
PDDAT Security Architecture,TRN-X104,Transmission Analytics,Transmission,PDDAT Security Architecture,,Scoping,GIDB App Migration (to PDDADB),,,,,,,APC; GPC,PDDA,Josh McCurry,APC,,,,,,,,,,
PD Cust Ops Call Monitoring,OPR-XX50,PD Operations Analytics,Operations,PD Cust Ops Call Monitoring,,Scoping,Call center monitoring dashboard,,,,,,,APC; GPC,PDDA,Jessica Oswalt,APC,,,,,,,,,,
Western Division Roadmapping,PDD-XXX2,Shane's Request,Corporate & Engineering Services,Western Division Roadmapping,,Scoping,Roadmapping effort with Adam Carr's group,,,,,,,APC,PDDA,Shane Powell,APC,,,,,,,,,,
Large Load Monitoring Dashboard,AMI-XXX9-1,AMI,AMI,Large Load Monitoring Dashboard,Metering,In Development,Joyce effor to monitor large load customers,,,,,,,APC,PDDA,Joyce Solomon,APC,,,,,,,,,,
EGS-PLN-Database,GTR-X151,PD Engineering Services,Distribution,EGS-PLN-Database,,Scoping,Phase 2 of Data Strategy for the Planning Group; validating data flow diagrams and assisting with implementation steps.,,,,,,,APC,PD Engineering Services,Justin Harrison,APC,,,,,,,,,,
UG Scheduling App Phase II,TEC-0007,PD Technology,Grid Transformation,UG Scheduling App Phase II,,In Development,Picking up where the original UG Scheduling project left off on the new contract after the pause,,,,,,,APC,PD Technology,Kelsey Stephens,APC,,,,,,,,,,
EGS-PLN-Spot Loads,GTR-X203,PD Grid Transformation Analytics,Grid Transformation,EGS-PLN-Spot Loads,,Scoping,PM effort to lift and shift tool from GPC to APC and MPC,,,,,,,APC,PDDA,"Jimmy White, Justin Harrison",APC,,,,,,,,,,
Fiber Application Development,GTR-X150,PD Grid Transformation Analytics,Grid Transformation,Fiber Application Development,,In Development,The infastructure of the tool that will become the fiber application,,,,,,,GPC,Fiber,Cheryl Pressley,APC,,,,,,,,,,
Kruse Office Management,PDD-XXX3,Shane's Request,Corporate & Engineering Services,Kruse Office Management,,In Development,Back office work to ensure billing,,,,,,,,,,APC,,,,,,,,,,
SCT Reliability Database Automation,TRN-X105,Transmission Analytics,Transmission,SCT Reliability Database Automation,,In Development,Effort to automate the database portion for SCT,,,,,,,APC,PDDA-T,Josh McCurry,APC,,,,,,,,,,
EGS-Program Management,GTR-X204,PD Grid Transformation Analytics,Grid Transformation,EGS-Program Management,,In Development,Updates to Justin's liking,,,,,,,APC,PD Engineering Services,Justin Harrison,APC,,,,,,,,,,
Control House Turnkey,TRN-X106,Transmission Analytics,Transmission,Control House Turnkey,,In Development,Changing a PowerBi and PowerApp to host entirely on databricks and be a databricks app for prefabricated control houses,,,,,,,GPC,PDDA-T,Kevin Martinez,APC,,,,,,,,,,
GPC Cust Ops Call Monitoring,OPR-XX55,PD Operations Analytics,Operations,GPC Cust Ops Call Monitoring,,In Development,Jessica Oswalt led project,,,,,,,GPC,PDDA,Danielle Robinson,APC,,,,,,,,,,
Sharepoint Overhaul,AMX-0001,AMI Contract,AMI,Sharepoint Overhaul,,In Development,Picking up prior project to beautify the AMI Sharepoint,,,,,,,APC,AMI,Myrna Merced,APC,,,,,,,,,,
Ships Database and Apprentice Program,TRN-X107,Transmission Analytics,Transmission,Ships Database and Apprentice Program,,Scoping,Work with the training group to move them from excel files to a database with analytics on tracking apprentice program progress,,,,,,,GPC,PDDA,Paul Jensen,GPC,,,,,,,,,,
EGS-BUS-Compliance Chatbot,GTR-X205,PD Grid Transformation Analytics,Grid Transformation,EGS-BUS-Compliance Chatbot,,Scoping,Chatbot for ease of finding documents and information.,,,,,,,APC,PPDA,"Melissa Hanby, Justin Harrison",APC,,,,,,,,,,
EGS-BUS-Jobs to Check Automation,GTR-X206,PD Grid Transformation Analytics,Grid Transformation,EGS-BUS-Jobs to Check Automation,Automation,Scoping,Automation of push-based distribution of JETS flagged issues,,,,,,,APC,PPDA,"Melissa Hanby, Justin Harrison",APC,,,,,,,,,,
EGS-BUS-Audit Scorecard Automation,GTR-X207,PD Grid Transformation Analytics,Grid Transformation,EGS-BUS-Audit Scorecard Automation,Automation,Scoping,Automation of the generation and distribution of the audit dashboard and scorecards on a recurring monthly cadence,,,,,,,APC,PPDA,"Melissa Hanby, Justin Harrison",APC,,,,,,,,,,
EGS-BUS-Pole Changeout Alert Automation,GTR-X208,PD Grid Transformation Analytics,Grid Transformation,EGS-BUS-Pole Changeout Alert Automation,Automation,Scoping,Automation of the engineers alerted when a pole scheduled for replacement requires increased height.,,,,,,,APC,PPDA,"Melissa Hanby, Justin Harrison",APC,,,,,,,,,,
ACC Daily Peak Dashboard,TRN-X108,Transmission Analytics,Transmission,ACC Daily Peak Dashboard,,In Development,Automation of Outsystem/PBI email for when the system is at peak load,,,,,,,APC,PDDA,Jonathan Schinker,APC,,,,,,,,,,
EGS-JUS-Database,GTR-X152,PD Grid Transformation Analytics,Grid Transformation,EGS-JUS-Database,,Scoping,Phase 2 of Data Strategy for the Joint-U Group; validating data flow diagrams and assisting with implementation steps.,,,,,,,APC,PD Engineering Services,Justin Harrison,APC,,,,,,,,,,
EGS-BUC-Database,GTR-X153,PD Grid Transformation Analytics,Grid Transformation,EGS-BUC-Database,,Scoping,Phase 2 of Data Strategy for the Business Compliance Group; validating data flow diagrams and assisting with implementation steps.,,,,,,,APC,PD Engineering Services,Justin Harrison,APC,,,,,,,,,,
EGS-REC-Database,GTR-X154,PD Grid Transformation Analytics,Grid Transformation,EGS-REC-Database,,Scoping,Phase 2 of Data Strategy for the Regulatory Complianc Group; validating data flow diagrams and assisting with implementation steps.,,,,,,,APC,PD Engineering Services,Justin Harrison,APC,,,,,,,,,,
EGS-DES-Database,GTR-X155,PD Grid Transformation Analytics,Grid Transformation,EGS-DES-Database,,Scoping,Phase 2 of Data Strategy for the DES Group; validating data flow diagrams and assisting with implementation steps.,,,,,,,APC,PD Engineering Services,Justin Harrison,APC,,,,,,,,,,
Encroachview Case Automation,TRN-1291,Transmission Analytics,Transmission,Encroachview Case Automation,,In Development,Encrouchview (third-party application) tracks encroachments on right-of-ways. Need to monitor as per AL law can lose rights to them if occupied too long. Tenant at will - if someone built a little onto it and there is an agreement in place with SoCo,,,,,,,APC,PDDA-T,John Chipwood,APC,,,,,,,,,,
ROW Services TSMART AI,TRN-1286,Transmission Analytics,Transmission,ROW Services TSMART AI,,In Development,Using GIS in databricks to provide text answers to questions about encroachments,,,,,,,APC,PDDA-T,John Chipwood,APC,,,,,,,,,,
EGS-CNE-CAMP Invoicing Dashboard,GTR-X156,PD Grid Transformation Analytics,Grid Transformation,EGS-CNE-CAMP Invoicing Dashboard,,Scoping,Automatically backfill Work Type codes to invoices; Create/update CAMP dashboard based on the many spreadsheets currently used for tracking.,,,,,,,APC,PD Engineering Services,Justin Harrison,APC,,,,,,,,,,
PD Transmission - PM,TRN-1500,Transmission Analytics,Transmission,PD Transmission - PM,,In Development,Chief of Staff work for Emily,,,,,,,APC,PDDA,Emily Boles,APC,,,,,,,,,,
Project Support Estimate Request Tool,TRN-1302,Transmission Analytics,Transmission,Project Support Estimate Request Tool,,In Development,"This is a tool that fills a gap in the creation of new projects. This Project Support group (SCS) is responsible for estimating projects. However, there are many inconsistencies in the current process. Brandon Daigneault has mocked up an application on the lines side that would work perfectly for users to submit these request. Anthony Freeman would be the Subs rep. This is likely an outsystems (or databricks webapp!). This will become a suite of tools so we should evaluate what kind of foundation we want to build. They heard about us from Joe Godwins Civil projects. This will be great to communicate to Kwarcinski, Elaine L. as this and Civil are in her organization.",,,,,,,APC,PDDA,Bandon Diagneault,APC,,,,,,,,,,
Faulty Cutout Replacement Prioritization,REL-XXX5,Reliability,Reliability,Faulty Cutout Replacement Prioritization,,In Development,Dan/Boyd project,,,,,,,APC,PDDA,Brandon Carter,APC,,,,,,,,,,
ACC Load Data for Line Rating Projects,TRN-0006,Transmission Analytics,Transmission,ACC Load Data for Line Rating Projects,,Scoping,"Kerry Collins (ACC) currently manually sends Jay Smith (TES) load data for flights that he has ordered that will be used by design to load into PLSCADD for Line Rating projects. Looking to automate as much of this process as possible, in conjunction with EMS being replaced by Monarch. We may can speed up the manual processes (in excel and transmap) and once Monarch is live, then automate the rest.",,,,,,,APC,PDDA,Kerry Collins,APC,,,,,,,,,,
Teams Labor Multiplier,TRN-1253,Transmission Analytics,Transmission,Teams Labor Multiplier,,Scoping,Analyze labor estimate data to determine appropriate multiplier for TEAMS estimates. May require PowerPlan data to access company labor hours and CAMP data to access contract crew hours.,,,,,,,APC,PDDA,Dax Guerard,APC,,,,,,,,,,
EGS-CNE-Strategic Crew Scheduling,GTR-X157,PD Grid Transformation Analytics,Grid Transformation,EGS-CNE-Strategic Crew Scheduling,,Scoping,Automation of Crew Scheduling Activities,,,,,,,APC,PD Engineering Services,Justin Harrison,APC,,,,,,,,,,
TCC STOMP,TRN-1376,Transmission Analytics,Transmission,TCC STOMP,,Scoping,This project is a list of items that the TCC (Raj Venkat) is asking for that will improve the ability to do analysis on the Operations Module (WR). This is a separate list than what was submitted for the Planned Outage project.,,,,,,,APC,PDDA,Josh McCurry,APC,,,,,,,,,,
Interactive Menu,TRN-0365,Transmission Analytics,Transmission,Interactive Menu,,Scoping,"Tool that will allow all users to create their own menu for applications and tools, it will also have a ""Marketplace"" of tools that they will be able to add to their own customized screen and have all of the tools they may need a few clicks away.",,,,,,,APC,PDDA,Emily Boles,APC,,,,,,,,,,
Occupational Tax Analysis,TRN-0481,Transmission Analytics,Transmission,Occupational Tax Analysis,,In Development,Looking to identify Occupation Tax zones and find the jobs for T&D (teams and jets?) and come up with a percentage that each job was performed in those areas. Consider incorporating calculations into an automated process.,,,,,,,APC,PDDA,Sharon Bolt,APC,,,,,,,,,,
GEN-Safety Data Infastructure,GEN-0001,Generation Analytics,Operations,GEN-Safety Data Infastructure,,Scoping,Initial Generation project,,,,,,,APC,Generation,Jonathan Argo,APC,,,,,,,,,,
GEN-Operations Data Strategy,GEN-0002,Generation Analytics,Operations,GEN-Operations Data Strategy,,Scoping,Generation data architecture project,,,,,,,APC,Generation,Taylor Owens,APC,,,,,,,,,,
Construction Budgeting and Scheduling Financial Connection,TEC-0008,PD Technology,Grid Transformation,Construction Budgeting and Scheduling Financial Connection,,Scoping,Connecting data for another project on behalf of PDT,,,,,,,APC,PDT,Christian Getsinger,APC,,,,,,,,,,
Planning Metered Loads,TRN-0690,Transmission Analytics,Transmission,Planning Metered Loads,,In Development,"As a Distribution Planning Engineer, I want to automate the generation of peak and valley metered load reporting for Planning groups for studies, so that I can save work effort and prevent manual errors. Partnership with AMI. Joyce Solomon is heading this project, with data engineering lead, Thanmayi Rajam.",,,,,,,APC,PDDA,,,,,,,,,,,,
Landing Page,PDD-XXX4,Shane's Request,Corporate & Engineering Services,Landing Page,,In Development,A collective list of all projects Kruse has done for Southern Company organized by contract - formed into a website that showcases all of this work,,,,,,,,,,,,,,,,,,,,